date,sku,family,qty,unit_cost
2022-01,SKU1_001,FAM1,17,6.52
2022-02,SKU1_001,FAM1,16,6.52
2022-03,SKU1_001,FAM1,18,6.52
2022-04,SKU1_001,FAM1,20,6.52
2022-05,SKU1_001,FAM1,17,6.52
2022-06,SKU1_001,FAM1,17,6.52
2022-07,SKU1_001,FAM1,21,6.52
2022-08,SKU1_001,FAM1,19,6.52
2022-09,SKU1_001,FAM1,17,6.52
2022-10,SKU1_001,FAM1,19,6.52
2022-11,SKU1_001,FAM1,17,6.52
2022-12,SKU1_001,FAM1,17,6.52
2023-01,SKU1_001,FAM1,18,6.52
2023-02,SKU1_001,FAM1,14,6.52
2023-03,SKU1_001,FAM1,14,6.52
2023-04,SKU1_001,FAM1,16,6.52
2023-05,SKU1_001,FAM1,15,6.52
2023-06,SKU1_001,FAM1,18,6.52
2023-07,SKU1_001,FAM1,15,6.52
2023-08,SKU1_001,FAM1,14,6.52
2023-09,SKU1_001,FAM1,20,6.52
2023-10,SKU1_001,FAM1,16,6.52
2023-11,SKU1_001,FAM1,17,6.52
2023-12,SKU1_001,FAM1,14,6.52
2024-01,SKU1_001,FAM1,15,6.52
2024-02,SKU1_001,FAM1,17,6.52
2024-03,SKU1_001,FAM1,14,6.52
2024-04,SKU1_001,FAM1,25,6.52
2024-05,SKU1_001,FAM1,16,6.52
2024-06,SKU1_001,FAM1,16,6.52
2024-07,SKU1_001,FAM1,16,6.52
2024-08,SKU1_001,FAM1,21,6.52
2024-09,SKU1_001,FAM1,18,6.52
2024-10,SKU1_001,FAM1,15,6.52
2024-11,SKU1_001,FAM1,25,6.52
2024-12,SKU1_001,FAM1,16,6.52
2022-01,SKU1_002,FAM1,18,5.8
2022-02,SKU1_002,FAM1,20,5.8
2022-03,SKU1_002,FAM1,17,5.8
2022-04,SKU1_002,FAM1,19,5.8
2022-05,SKU1_002,FAM1,15,5.8
2022-06,SKU1_002,FAM1,17,5.8
2022-07,SKU1_002,FAM1,21,5.8
2022-08,SKU1_002,FAM1,15,5.8
2022-09,SKU1_002,FAM1,20,5.8
2022-10,SKU1_002,FAM1,22,5.8
2022-11,SKU1_002,FAM1,19,5.8
2022-12,SKU1_002,FAM1,14,5.8
2023-01,SKU1_002,FAM1,19,5.8
2023-02,SKU1_002,FAM1,18,5.8
2023-03,SKU1_002,FAM1,25,5.8
2023-04,SKU1_002,FAM1,19,5.8
2023-05,SKU1_002,FAM1,23,5.8
2023-06,SKU1_002,FAM1,16,5.8
2023-07,SKU1_002,FAM1,17,5.8
2023-08,SKU1_002,FAM1,15,5.8
2023-09,SKU1_002,FAM1,17,5.8
2023-10,SKU1_002,FAM1,17,5.8
2023-11,SKU1_002,FAM1,23,5.8
2023-12,SKU1_002,FAM1,15,5.8
2024-01,SKU1_002,FAM1,15,5.8
2024-02,SKU1_002,FAM1,18,5.8
2024-03,SKU1_002,FAM1,19,5.8
2024-04,SKU1_002,FAM1,22,5.8
2024-05,SKU1_002,FAM1,21,5.8
2024-06,SKU1_002,FAM1,19,5.8
2024-07,SKU1_002,FAM1,18,5.8
2024-08,SKU1_002,FAM1,20,5.8
2024-09,SKU1_002,FAM1,16,5.8
2024-10,SKU1_002,FAM1,17,5.8
2024-11,SKU1_002,FAM1,15,5.8
2024-12,SKU1_002,FAM1,18,5.8
2022-01,SKU1_003,FAM1,17,6.39
2022-02,SKU1_003,FAM1,22,6.39
2022-03,SKU1_003,FAM1,17,6.39
2022-04,SKU1_003,FAM1,18,6.39
2022-05,SKU1_003,FAM1,18,6.39
2022-06,SKU1_003,FAM1,15,6.39
2022-07,SKU1_003,FAM1,21,6.39
2022-08,SKU1_003,FAM1,20,6.39
2022-09,SKU1_003,FAM1,20,6.39
2022-10,SKU1_003,FAM1,16,6.39
2022-11,SKU1_003,FAM1,21,6.39
2022-12,SKU1_003,FAM1,15,6.39
2023-01,SKU1_003,FAM1,20,6.39
2023-02,SKU1_003,FAM1,23,6.39
2023-03,SKU1_003,FAM1,21,6.39
2023-04,SKU1_003,FAM1,17,6.39
2023-05,SKU1_003,FAM1,18,6.39
2023-06,SKU1_003,FAM1,17,6.39
2023-07,SKU1_003,FAM1,14,6.39
2023-08,SKU1_003,FAM1,18,6.39
2023-09,SKU1_003,FAM1,15,6.39
2023-10,SKU1_003,FAM1,18,6.39
2023-11,SKU1_003,FAM1,15,6.39
2023-12,SKU1_003,FAM1,21,6.39
2024-01,SKU1_003,FAM1,15,6.39
2024-02,SKU1_003,FAM1,16,6.39
2024-03,SKU1_003,FAM1,19,6.39
2024-04,SKU1_003,FAM1,14,6.39
2024-05,SKU1_003,FAM1,18,6.39
2024-06,SKU1_003,FAM1,20,6.39
2024-07,SKU1_003,FAM1,14,6.39
2024-08,SKU1_003,FAM1,23,6.39
2024-09,SKU1_003,FAM1,19,6.39
2024-10,SKU1_003,FAM1,20,6.39
2024-11,SKU1_003,FAM1,16,6.39
2024-12,SKU1_003,FAM1,16,6.39
2022-01,SKU1_004,FAM1,0,6.92
2022-02,SKU1_004,FAM1,17,6.92
2022-03,SKU1_004,FAM1,19,6.92
2022-04,SKU1_004,FAM1,14,6.92
2022-05,SKU1_004,FAM1,18,6.92
2022-06,SKU1_004,FAM1,19,6.92
2022-07,SKU1_004,FAM1,18,6.92
2022-08,SKU1_004,FAM1,0,6.92
2022-09,SKU1_004,FAM1,0,6.92
2022-10,SKU1_004,FAM1,30,6.92
2022-11,SKU1_004,FAM1,0,6.92
2022-12,SKU1_004,FAM1,0,6.92
2023-01,SKU1_004,FAM1,18,6.92
2023-02,SKU1_004,FAM1,0,6.92
2023-03,SKU1_004,FAM1,22,6.92
2023-04,SKU1_004,FAM1,0,6.92
2023-05,SKU1_004,FAM1,14,6.92
2023-06,SKU1_004,FAM1,17,6.92
2023-07,SKU1_004,FAM1,19,6.92
2023-08,SKU1_004,FAM1,19,6.92
2023-09,SKU1_004,FAM1,0,6.92
2023-10,SKU1_004,FAM1,18,6.92
2023-11,SKU1_004,FAM1,22,6.92
2023-12,SKU1_004,FAM1,21,6.92
2024-01,SKU1_004,FAM1,15,6.92
2024-02,SKU1_004,FAM1,0,6.92
2024-03,SKU1_004,FAM1,17,6.92
2024-04,SKU1_004,FAM1,14,6.92
2024-05,SKU1_004,FAM1,15,6.92
2024-06,SKU1_004,FAM1,14,6.92
2024-07,SKU1_004,FAM1,22,6.92
2024-08,SKU1_004,FAM1,21,6.92
2024-09,SKU1_004,FAM1,16,6.92
2024-10,SKU1_004,FAM1,16,6.92
2024-11,SKU1_004,FAM1,0,6.92
2024-12,SKU1_004,FAM1,18,6.92
2022-01,SKU1_005,FAM1,18,6.1
2022-02,SKU1_005,FAM1,19,6.1
2022-03,SKU1_005,FAM1,16,6.1
2022-04,SKU1_005,FAM1,18,6.1
2022-05,SKU1_005,FAM1,11,6.1
2022-06,SKU1_005,FAM1,16,6.1
2022-07,SKU1_005,FAM1,18,6.1
2022-08,SKU1_005,FAM1,16,6.1
2022-09,SKU1_005,FAM1,22,6.1
2022-10,SKU1_005,FAM1,16,6.1
2022-11,SKU1_005,FAM1,18,6.1
2022-12,SKU1_005,FAM1,19,6.1
2023-01,SKU1_005,FAM1,22,6.1
2023-02,SKU1_005,FAM1,15,6.1
2023-03,SKU1_005,FAM1,21,6.1
2023-04,SKU1_005,FAM1,18,6.1
2023-05,SKU1_005,FAM1,16,6.1
2023-06,SKU1_005,FAM1,19,6.1
2023-07,SKU1_005,FAM1,18,6.1
2023-08,SKU1_005,FAM1,30,6.1
2023-09,SKU1_005,FAM1,18,6.1
2023-10,SKU1_005,FAM1,17,6.1
2023-11,SKU1_005,FAM1,18,6.1
2023-12,SKU1_005,FAM1,19,6.1
2024-01,SKU1_005,FAM1,21,6.1
2024-02,SKU1_005,FAM1,25,6.1
2024-03,SKU1_005,FAM1,22,6.1
2024-04,SKU1_005,FAM1,13,6.1
2024-05,SKU1_005,FAM1,17,6.1
2024-06,SKU1_005,FAM1,19,6.1
2024-07,SKU1_005,FAM1,19,6.1
2024-08,SKU1_005,FAM1,17,6.1
2024-09,SKU1_005,FAM1,18,6.1
2024-10,SKU1_005,FAM1,18,6.1
2024-11,SKU1_005,FAM1,18,6.1
2024-12,SKU1_005,FAM1,21,6.1
2022-01,SKU1_006,FAM1,18,6.99
2022-02,SKU1_006,FAM1,17,6.99
2022-03,SKU1_006,FAM1,17,6.99
2022-04,SKU1_006,FAM1,22,6.99
2022-05,SKU1_006,FAM1,16,6.99
2022-06,SKU1_006,FAM1,18,6.99
2022-07,SKU1_006,FAM1,28,6.99
2022-08,SKU1_006,FAM1,17,6.99
2022-09,SKU1_006,FAM1,16,6.99
2022-10,SKU1_006,FAM1,20,6.99
2022-11,SKU1_006,FAM1,23,6.99
2022-12,SKU1_006,FAM1,20,6.99
2023-01,SKU1_006,FAM1,19,6.99
2023-02,SKU1_006,FAM1,19,6.99
2023-03,SKU1_006,FAM1,18,6.99
2023-04,SKU1_006,FAM1,21,6.99
2023-05,SKU1_006,FAM1,17,6.99
2023-06,SKU1_006,FAM1,20,6.99
2023-07,SKU1_006,FAM1,15,6.99
2023-08,SKU1_006,FAM1,18,6.99
2023-09,SKU1_006,FAM1,20,6.99
2023-10,SKU1_006,FAM1,18,6.99
2023-11,SKU1_006,FAM1,17,6.99
2023-12,SKU1_006,FAM1,19,6.99
2024-01,SKU1_006,FAM1,18,6.99
2024-02,SKU1_006,FAM1,19,6.99
2024-03,SKU1_006,FAM1,21,6.99
2024-04,SKU1_006,FAM1,16,6.99
2024-05,SKU1_006,FAM1,13,6.99
2024-06,SKU1_006,FAM1,17,6.99
2024-07,SKU1_006,FAM1,16,6.99
2024-08,SKU1_006,FAM1,20,6.99
2024-09,SKU1_006,FAM1,17,6.99
2024-10,SKU1_006,FAM1,15,6.99
2024-11,SKU1_006,FAM1,18,6.99
2024-12,SKU1_006,FAM1,16,6.99
2022-01,SKU1_007,FAM1,21,6.94
2022-02,SKU1_007,FAM1,16,6.94
2022-03,SKU1_007,FAM1,18,6.94
2022-04,SKU1_007,FAM1,17,6.94
2022-05,SKU1_007,FAM1,18,6.94
2022-06,SKU1_007,FAM1,17,6.94
2022-07,SKU1_007,FAM1,20,6.94
2022-08,SKU1_007,FAM1,17,6.94
2022-09,SKU1_007,FAM1,16,6.94
2022-10,SKU1_007,FAM1,18,6.94
2022-11,SKU1_007,FAM1,17,6.94
2022-12,SKU1_007,FAM1,27,6.94
2023-01,SKU1_007,FAM1,18,6.94
2023-02,SKU1_007,FAM1,15,6.94
2023-03,SKU1_007,FAM1,23,6.94
2023-04,SKU1_007,FAM1,16,6.94
2023-05,SKU1_007,FAM1,17,6.94
2023-06,SKU1_007,FAM1,18,6.94
2023-07,SKU1_007,FAM1,22,6.94
2023-08,SKU1_007,FAM1,14,6.94
2023-09,SKU1_007,FAM1,18,6.94
2023-10,SKU1_007,FAM1,20,6.94
2023-11,SKU1_007,FAM1,17,6.94
2023-12,SKU1_007,FAM1,24,6.94
2024-01,SKU1_007,FAM1,18,6.94
2024-02,SKU1_007,FAM1,21,6.94
2024-03,SKU1_007,FAM1,17,6.94
2024-04,SKU1_007,FAM1,21,6.94
2024-05,SKU1_007,FAM1,19,6.94
2024-06,SKU1_007,FAM1,21,6.94
2024-07,SKU1_007,FAM1,19,6.94
2024-08,SKU1_007,FAM1,17,6.94
2024-09,SKU1_007,FAM1,22,6.94
2024-10,SKU1_007,FAM1,19,6.94
2024-11,SKU1_007,FAM1,20,6.94
2024-12,SKU1_007,FAM1,21,6.94
2022-01,SKU1_008,FAM1,0,6.78
2022-02,SKU1_008,FAM1,19,6.78
2022-03,SKU1_008,FAM1,21,6.78
2022-04,SKU1_008,FAM1,0,6.78
2022-05,SKU1_008,FAM1,16,6.78
2022-06,SKU1_008,FAM1,14,6.78
2022-07,SKU1_008,FAM1,0,6.78
2022-08,SKU1_008,FAM1,21,6.78
2022-09,SKU1_008,FAM1,23,6.78
2022-10,SKU1_008,FAM1,19,6.78
2022-11,SKU1_008,FAM1,0,6.78
2022-12,SKU1_008,FAM1,0,6.78
2023-01,SKU1_008,FAM1,16,6.78
2023-02,SKU1_008,FAM1,30,6.78
2023-03,SKU1_008,FAM1,20,6.78
2023-04,SKU1_008,FAM1,19,6.78
2023-05,SKU1_008,FAM1,14,6.78
2023-06,SKU1_008,FAM1,19,6.78
2023-07,SKU1_008,FAM1,0,6.78
2023-08,SKU1_008,FAM1,20,6.78
2023-09,SKU1_008,FAM1,19,6.78
2023-10,SKU1_008,FAM1,16,6.78
2023-11,SKU1_008,FAM1,17,6.78
2023-12,SKU1_008,FAM1,16,6.78
2024-01,SKU1_008,FAM1,0,6.78
2024-02,SKU1_008,FAM1,20,6.78
2024-03,SKU1_008,FAM1,16,6.78
2024-04,SKU1_008,FAM1,0,6.78
2024-05,SKU1_008,FAM1,17,6.78
2024-06,SKU1_008,FAM1,17,6.78
2024-07,SKU1_008,FAM1,0,6.78
2024-08,SKU1_008,FAM1,26,6.78
2024-09,SKU1_008,FAM1,0,6.78
2024-10,SKU1_008,FAM1,17,6.78
2024-11,SKU1_008,FAM1,0,6.78
2024-12,SKU1_008,FAM1,20,6.78
2022-01,SKU1_009,FAM1,20,6.99
2022-02,SKU1_009,FAM1,18,6.99
2022-03,SKU1_009,FAM1,22,6.99
2022-04,SKU1_009,FAM1,18,6.99
2022-05,SKU1_009,FAM1,20,6.99
2022-06,SKU1_009,FAM1,21,6.99
2022-07,SKU1_009,FAM1,15,6.99
2022-08,SKU1_009,FAM1,25,6.99
2022-09,SKU1_009,FAM1,18,6.99
2022-10,SKU1_009,FAM1,21,6.99
2022-11,SKU1_009,FAM1,21,6.99
2022-12,SKU1_009,FAM1,18,6.99
2023-01,SKU1_009,FAM1,24,6.99
2023-02,SKU1_009,FAM1,20,6.99
2023-03,SKU1_009,FAM1,19,6.99
2023-04,SKU1_009,FAM1,20,6.99
2023-05,SKU1_009,FAM1,21,6.99
2023-06,SKU1_009,FAM1,19,6.99
2023-07,SKU1_009,FAM1,21,6.99
2023-08,SKU1_009,FAM1,15,6.99
2023-09,SKU1_009,FAM1,17,6.99
2023-10,SKU1_009,FAM1,14,6.99
2023-11,SKU1_009,FAM1,23,6.99
2023-12,SKU1_009,FAM1,23,6.99
2024-01,SKU1_009,FAM1,20,6.99
2024-02,SKU1_009,FAM1,16,6.99
2024-03,SKU1_009,FAM1,36,6.99
2024-04,SKU1_009,FAM1,17,6.99
2024-05,SKU1_009,FAM1,18,6.99
2024-06,SKU1_009,FAM1,19,6.99
2024-07,SKU1_009,FAM1,20,6.99
2024-08,SKU1_009,FAM1,20,6.99
2024-09,SKU1_009,FAM1,21,6.99
2024-10,SKU1_009,FAM1,19,6.99
2024-11,SKU1_009,FAM1,21,6.99
2024-12,SKU1_009,FAM1,26,6.99
2022-01,SKU1_010,FAM1,14,7.74
2022-02,SKU1_010,FAM1,17,7.74
2022-03,SKU1_010,FAM1,21,7.74
2022-04,SKU1_010,FAM1,21,7.74
2022-05,SKU1_010,FAM1,23,7.74
2022-06,SKU1_010,FAM1,19,7.74
2022-07,SKU1_010,FAM1,21,7.74
2022-08,SKU1_010,FAM1,22,7.74
2022-09,SKU1_010,FAM1,19,7.74
2022-10,SKU1_010,FAM1,21,7.74
2022-11,SKU1_010,FAM1,21,7.74
2022-12,SKU1_010,FAM1,18,7.74
2023-01,SKU1_010,FAM1,23,7.74
2023-02,SKU1_010,FAM1,20,7.74
2023-03,SKU1_010,FAM1,20,7.74
2023-04,SKU1_010,FAM1,17,7.74
2023-05,SKU1_010,FAM1,18,7.74
2023-06,SKU1_010,FAM1,14,7.74
2023-07,SKU1_010,FAM1,19,7.74
2023-08,SKU1_010,FAM1,24,7.74
2023-09,SKU1_010,FAM1,17,7.74
2023-10,SKU1_010,FAM1,25,7.74
2023-11,SKU1_010,FAM1,22,7.74
2023-12,SKU1_010,FAM1,17,7.74
2024-01,SKU1_010,FAM1,19,7.74
2024-02,SKU1_010,FAM1,18,7.74
2024-03,SKU1_010,FAM1,22,7.74
2024-04,SKU1_010,FAM1,20,7.74
2024-05,SKU1_010,FAM1,21,7.74
2024-06,SKU1_010,FAM1,20,7.74
2024-07,SKU1_010,FAM1,32,7.74
2024-08,SKU1_010,FAM1,20,7.74
2024-09,SKU1_010,FAM1,18,7.74
2024-10,SKU1_010,FAM1,16,7.74
2024-11,SKU1_010,FAM1,22,7.74
2024-12,SKU1_010,FAM1,22,7.74
2022-01,SKU2_001,FAM2,27,6.7
2022-02,SKU2_001,FAM2,23,6.7
2022-03,SKU2_001,FAM2,21,6.7
2022-04,SKU2_001,FAM2,22,6.7
2022-05,SKU2_001,FAM2,25,6.7
2022-06,SKU2_001,FAM2,22,6.7
2022-07,SKU2_001,FAM2,25,6.7
2022-08,SKU2_001,FAM2,18,6.7
2022-09,SKU2_001,FAM2,23,6.7
2022-10,SKU2_001,FAM2,25,6.7
2022-11,SKU2_001,FAM2,40,6.7
2022-12,SKU2_001,FAM2,22,6.7
2023-01,SKU2_001,FAM2,20,6.7
2023-02,SKU2_001,FAM2,23,6.7
2023-03,SKU2_001,FAM2,21,6.7
2023-04,SKU2_001,FAM2,23,6.7
2023-05,SKU2_001,FAM2,24,6.7
2023-06,SKU2_001,FAM2,20,6.7
2023-07,SKU2_001,FAM2,25,6.7
2023-08,SKU2_001,FAM2,23,6.7
2023-09,SKU2_001,FAM2,26,6.7
2023-10,SKU2_001,FAM2,19,6.7
2023-11,SKU2_001,FAM2,21,6.7
2023-12,SKU2_001,FAM2,24,6.7
2024-01,SKU2_001,FAM2,21,6.7
2024-02,SKU2_001,FAM2,33,6.7
2024-03,SKU2_001,FAM2,23,6.7
2024-04,SKU2_001,FAM2,24,6.7
2024-05,SKU2_001,FAM2,22,6.7
2024-06,SKU2_001,FAM2,24,6.7
2024-07,SKU2_001,FAM2,22,6.7
2024-08,SKU2_001,FAM2,26,6.7
2024-09,SKU2_001,FAM2,24,6.7
2024-10,SKU2_001,FAM2,25,6.7
2024-11,SKU2_001,FAM2,31,6.7
2024-12,SKU2_001,FAM2,23,6.7
2022-01,SKU2_002,FAM2,23,6.64
2022-02,SKU2_002,FAM2,19,6.64
2022-03,SKU2_002,FAM2,21,6.64
2022-04,SKU2_002,FAM2,22,6.64
2022-05,SKU2_002,FAM2,25,6.64
2022-06,SKU2_002,FAM2,21,6.64
2022-07,SKU2_002,FAM2,24,6.64
2022-08,SKU2_002,FAM2,24,6.64
2022-09,SKU2_002,FAM2,28,6.64
2022-10,SKU2_002,FAM2,21,6.64
2022-11,SKU2_002,FAM2,30,6.64
2022-12,SKU2_002,FAM2,22,6.64
2023-01,SKU2_002,FAM2,20,6.64
2023-02,SKU2_002,FAM2,28,6.64
2023-03,SKU2_002,FAM2,21,6.64
2023-04,SKU2_002,FAM2,22,6.64
2023-05,SKU2_002,FAM2,27,6.64
2023-06,SKU2_002,FAM2,19,6.64
2023-07,SKU2_002,FAM2,25,6.64
2023-08,SKU2_002,FAM2,20,6.64
2023-09,SKU2_002,FAM2,26,6.64
2023-10,SKU2_002,FAM2,18,6.64
2023-11,SKU2_002,FAM2,19,6.64
2023-12,SKU2_002,FAM2,22,6.64
2024-01,SKU2_002,FAM2,26,6.64
2024-02,SKU2_002,FAM2,23,6.64
2024-03,SKU2_002,FAM2,23,6.64
2024-04,SKU2_002,FAM2,39,6.64
2024-05,SKU2_002,FAM2,29,6.64
2024-06,SKU2_002,FAM2,25,6.64
2024-07,SKU2_002,FAM2,23,6.64
2024-08,SKU2_002,FAM2,23,6.64
2024-09,SKU2_002,FAM2,22,6.64
2024-10,SKU2_002,FAM2,25,6.64
2024-11,SKU2_002,FAM2,21,6.64
2024-12,SKU2_002,FAM2,27,6.64
2022-01,SKU2_003,FAM2,23,6.42
2022-02,SKU2_003,FAM2,18,6.42
2022-03,SKU2_003,FAM2,27,6.42
2022-04,SKU2_003,FAM2,22,6.42
2022-05,SKU2_003,FAM2,30,6.42
2022-06,SKU2_003,FAM2,24,6.42
2022-07,SKU2_003,FAM2,25,6.42
2022-08,SKU2_003,FAM2,20,6.42
2022-09,SKU2_003,FAM2,24,6.42
2022-10,SKU2_003,FAM2,22,6.42
2022-11,SKU2_003,FAM2,20,6.42
2022-12,SKU2_003,FAM2,27,6.42
2023-01,SKU2_003,FAM2,23,6.42
2023-02,SKU2_003,FAM2,25,6.42
2023-03,SKU2_003,FAM2,25,6.42
2023-04,SKU2_003,FAM2,23,6.42
2023-05,SKU2_003,FAM2,29,6.42
2023-06,SKU2_003,FAM2,24,6.42
2023-07,SKU2_003,FAM2,20,6.42
2023-08,SKU2_003,FAM2,23,6.42
2023-09,SKU2_003,FAM2,25,6.42
2023-10,SKU2_003,FAM2,25,6.42
2023-11,SKU2_003,FAM2,21,6.42
2023-12,SKU2_003,FAM2,26,6.42
2024-01,SKU2_003,FAM2,19,6.42
2024-02,SKU2_003,FAM2,26,6.42
2024-03,SKU2_003,FAM2,20,6.42
2024-04,SKU2_003,FAM2,35,6.42
2024-05,SKU2_003,FAM2,26,6.42
2024-06,SKU2_003,FAM2,24,6.42
2024-07,SKU2_003,FAM2,26,6.42
2024-08,SKU2_003,FAM2,26,6.42
2024-09,SKU2_003,FAM2,28,6.42
2024-10,SKU2_003,FAM2,28,6.42
2024-11,SKU2_003,FAM2,24,6.42
2024-12,SKU2_003,FAM2,27,6.42
2022-01,SKU2_004,FAM2,24,6.76
2022-02,SKU2_004,FAM2,22,6.76
2022-03,SKU2_004,FAM2,17,6.76
2022-04,SKU2_004,FAM2,38,6.76
2022-05,SKU2_004,FAM2,27,6.76
2022-06,SKU2_004,FAM2,19,6.76
2022-07,SKU2_004,FAM2,24,6.76
2022-08,SKU2_004,FAM2,0,6.76
2022-09,SKU2_004,FAM2,27,6.76
2022-10,SKU2_004,FAM2,26,6.76
2022-11,SKU2_004,FAM2,0,6.76
2022-12,SKU2_004,FAM2,26,6.76
2023-01,SKU2_004,FAM2,0,6.76
2023-02,SKU2_004,FAM2,0,6.76
2023-03,SKU2_004,FAM2,25,6.76
2023-04,SKU2_004,FAM2,0,6.76
2023-05,SKU2_004,FAM2,38,6.76
2023-06,SKU2_004,FAM2,24,6.76
2023-07,SKU2_004,FAM2,24,6.76
2023-08,SKU2_004,FAM2,23,6.76
2023-09,SKU2_004,FAM2,0,6.76
2023-10,SKU2_004,FAM2,25,6.76
2023-11,SKU2_004,FAM2,22,6.76
2023-12,SKU2_004,FAM2,23,6.76
2024-01,SKU2_004,FAM2,24,6.76
2024-02,SKU2_004,FAM2,19,6.76
2024-03,SKU2_004,FAM2,19,6.76
2024-04,SKU2_004,FAM2,23,6.76
2024-05,SKU2_004,FAM2,25,6.76
2024-06,SKU2_004,FAM2,26,6.76
2024-07,SKU2_004,FAM2,21,6.76
2024-08,SKU2_004,FAM2,26,6.76
2024-09,SKU2_004,FAM2,0,6.76
2024-10,SKU2_004,FAM2,23,6.76
2024-11,SKU2_004,FAM2,24,6.76
2024-12,SKU2_004,FAM2,28,6.76
2022-01,SKU2_005,FAM2,18,7.49
2022-02,SKU2_005,FAM2,24,7.49
2022-03,SKU2_005,FAM2,23,7.49
2022-04,SKU2_005,FAM2,24,7.49
2022-05,SKU2_005,FAM2,26,7.49
2022-06,SKU2_005,FAM2,25,7.49
2022-07,SKU2_005,FAM2,25,7.49
2022-08,SKU2_005,FAM2,26,7.49
2022-09,SKU2_005,FAM2,32,7.49
2022-10,SKU2_005,FAM2,26,7.49
2022-11,SKU2_005,FAM2,27,7.49
2022-12,SKU2_005,FAM2,28,7.49
2023-01,SKU2_005,FAM2,23,7.49
2023-02,SKU2_005,FAM2,26,7.49
2023-03,SKU2_005,FAM2,24,7.49
2023-04,SKU2_005,FAM2,28,7.49
2023-05,SKU2_005,FAM2,23,7.49
2023-06,SKU2_005,FAM2,25,7.49
2023-07,SKU2_005,FAM2,25,7.49
2023-08,SKU2_005,FAM2,25,7.49
2023-09,SKU2_005,FAM2,23,7.49
2023-10,SKU2_005,FAM2,24,7.49
2023-11,SKU2_005,FAM2,26,7.49
2023-12,SKU2_005,FAM2,20,7.49
2024-01,SKU2_005,FAM2,24,7.49
2024-02,SKU2_005,FAM2,24,7.49
2024-03,SKU2_005,FAM2,26,7.49
2024-04,SKU2_005,FAM2,21,7.49
2024-05,SKU2_005,FAM2,28,7.49
2024-06,SKU2_005,FAM2,25,7.49
2024-07,SKU2_005,FAM2,25,7.49
2024-08,SKU2_005,FAM2,24,7.49
2024-09,SKU2_005,FAM2,27,7.49
2024-10,SKU2_005,FAM2,26,7.49
2024-11,SKU2_005,FAM2,29,7.49
2024-12,SKU2_005,FAM2,23,7.49
2022-01,SKU2_006,FAM2,19,6.67
2022-02,SKU2_006,FAM2,17,6.67
2022-03,SKU2_006,FAM2,24,6.67
2022-04,SKU2_006,FAM2,22,6.67
2022-05,SKU2_006,FAM2,26,6.67
2022-06,SKU2_006,FAM2,26,6.67
2022-07,SKU2_006,FAM2,25,6.67
2022-08,SKU2_006,FAM2,23,6.67
2022-09,SKU2_006,FAM2,21,6.67
2022-10,SKU2_006,FAM2,27,6.67
2022-11,SKU2_006,FAM2,26,6.67
2022-12,SKU2_006,FAM2,25,6.67
2023-01,SKU2_006,FAM2,29,6.67
2023-02,SKU2_006,FAM2,22,6.67
2023-03,SKU2_006,FAM2,21,6.67
2023-04,SKU2_006,FAM2,23,6.67
2023-05,SKU2_006,FAM2,24,6.67
2023-06,SKU2_006,FAM2,25,6.67
2023-07,SKU2_006,FAM2,24,6.67
2023-08,SKU2_006,FAM2,25,6.67
2023-09,SKU2_006,FAM2,21,6.67
2023-10,SKU2_006,FAM2,28,6.67
2023-11,SKU2_006,FAM2,24,6.67
2023-12,SKU2_006,FAM2,27,6.67
2024-01,SKU2_006,FAM2,31,6.67
2024-02,SKU2_006,FAM2,25,6.67
2024-03,SKU2_006,FAM2,26,6.67
2024-04,SKU2_006,FAM2,25,6.67
2024-05,SKU2_006,FAM2,26,6.67
2024-06,SKU2_006,FAM2,28,6.67
2024-07,SKU2_006,FAM2,25,6.67
2024-08,SKU2_006,FAM2,27,6.67
2024-09,SKU2_006,FAM2,25,6.67
2024-10,SKU2_006,FAM2,29,6.67
2024-11,SKU2_006,FAM2,24,6.67
2024-12,SKU2_006,FAM2,31,6.67
2022-01,SKU2_007,FAM2,27,6.96
2022-02,SKU2_007,FAM2,26,6.96
2022-03,SKU2_007,FAM2,25,6.96
2022-04,SKU2_007,FAM2,21,6.96
2022-05,SKU2_007,FAM2,25,6.96
2022-06,SKU2_007,FAM2,24,6.96
2022-07,SKU2_007,FAM2,28,6.96
2022-08,SKU2_007,FAM2,28,6.96
2022-09,SKU2_007,FAM2,21,6.96
2022-10,SKU2_007,FAM2,27,6.96
2022-11,SKU2_007,FAM2,28,6.96
2022-12,SKU2_007,FAM2,26,6.96
2023-01,SKU2_007,FAM2,24,6.96
2023-02,SKU2_007,FAM2,31,6.96
2023-03,SKU2_007,FAM2,26,6.96
2023-04,SKU2_007,FAM2,30,6.96
2023-05,SKU2_007,FAM2,28,6.96
2023-06,SKU2_007,FAM2,26,6.96
2023-07,SKU2_007,FAM2,23,6.96
2023-08,SKU2_007,FAM2,24,6.96
2023-09,SKU2_007,FAM2,24,6.96
2023-10,SKU2_007,FAM2,21,6.96
2023-11,SKU2_007,FAM2,26,6.96
2023-12,SKU2_007,FAM2,28,6.96
2024-01,SKU2_007,FAM2,24,6.96
2024-02,SKU2_007,FAM2,29,6.96
2024-03,SKU2_007,FAM2,21,6.96
2024-04,SKU2_007,FAM2,27,6.96
2024-05,SKU2_007,FAM2,29,6.96
2024-06,SKU2_007,FAM2,24,6.96
2024-07,SKU2_007,FAM2,25,6.96
2024-08,SKU2_007,FAM2,28,6.96
2024-09,SKU2_007,FAM2,27,6.96
2024-10,SKU2_007,FAM2,28,6.96
2024-11,SKU2_007,FAM2,24,6.96
2024-12,SKU2_007,FAM2,27,6.96
2022-01,SKU2_008,FAM2,21,6.93
2022-02,SKU2_008,FAM2,24,6.93
2022-03,SKU2_008,FAM2,0,6.93
2022-04,SKU2_008,FAM2,0,6.93
2022-05,SKU2_008,FAM2,23,6.93
2022-06,SKU2_008,FAM2,0,6.93
2022-07,SKU2_008,FAM2,24,6.93
2022-08,SKU2_008,FAM2,28,6.93
2022-09,SKU2_008,FAM2,0,6.93
2022-10,SKU2_008,FAM2,0,6.93
2022-11,SKU2_008,FAM2,27,6.93
2022-12,SKU2_008,FAM2,18,6.93
2023-01,SKU2_008,FAM2,28,6.93
2023-02,SKU2_008,FAM2,21,6.93
2023-03,SKU2_008,FAM2,0,6.93
2023-04,SKU2_008,FAM2,0,6.93
2023-05,SKU2_008,FAM2,22,6.93
2023-06,SKU2_008,FAM2,28,6.93
2023-07,SKU2_008,FAM2,9,6.93
2023-08,SKU2_008,FAM2,25,6.93
2023-09,SKU2_008,FAM2,24,6.93
2023-10,SKU2_008,FAM2,26,6.93
2023-11,SKU2_008,FAM2,25,6.93
2023-12,SKU2_008,FAM2,21,6.93
2024-01,SKU2_008,FAM2,27,6.93
2024-02,SKU2_008,FAM2,23,6.93
2024-03,SKU2_008,FAM2,0,6.93
2024-04,SKU2_008,FAM2,0,6.93
2024-05,SKU2_008,FAM2,28,6.93
2024-06,SKU2_008,FAM2,40,6.93
2024-07,SKU2_008,FAM2,0,6.93
2024-08,SKU2_008,FAM2,25,6.93
2024-09,SKU2_008,FAM2,25,6.93
2024-10,SKU2_008,FAM2,0,6.93
2024-11,SKU2_008,FAM2,27,6.93
2024-12,SKU2_008,FAM2,28,6.93
2022-01,SKU2_009,FAM2,24,7.5
2022-02,SKU2_009,FAM2,24,7.5
2022-03,SKU2_009,FAM2,20,7.5
2022-04,SKU2_009,FAM2,22,7.5
2022-05,SKU2_009,FAM2,27,7.5
2022-06,SKU2_009,FAM2,26,7.5
2022-07,SKU2_009,FAM2,26,7.5
2022-08,SKU2_009,FAM2,26,7.5
2022-09,SKU2_009,FAM2,42,7.5
2022-10,SKU2_009,FAM2,25,7.5
2022-11,SKU2_009,FAM2,26,7.5
2022-12,SKU2_009,FAM2,34,7.5
2023-01,SKU2_009,FAM2,22,7.5
2023-02,SKU2_009,FAM2,21,7.5
2023-03,SKU2_009,FAM2,23,7.5
2023-04,SKU2_009,FAM2,29,7.5
2023-05,SKU2_009,FAM2,21,7.5
2023-06,SKU2_009,FAM2,24,7.5
2023-07,SKU2_009,FAM2,22,7.5
2023-08,SKU2_009,FAM2,23,7.5
2023-09,SKU2_009,FAM2,25,7.5
2023-10,SKU2_009,FAM2,23,7.5
2023-11,SKU2_009,FAM2,27,7.5
2023-12,SKU2_009,FAM2,28,7.5
2024-01,SKU2_009,FAM2,19,7.5
2024-02,SKU2_009,FAM2,23,7.5
2024-03,SKU2_009,FAM2,25,7.5
2024-04,SKU2_009,FAM2,28,7.5
2024-05,SKU2_009,FAM2,24,7.5
2024-06,SKU2_009,FAM2,25,7.5
2024-07,SKU2_009,FAM2,23,7.5
2024-08,SKU2_009,FAM2,22,7.5
2024-09,SKU2_009,FAM2,30,7.5
2024-10,SKU2_009,FAM2,22,7.5
2024-11,SKU2_009,FAM2,32,7.5
2024-12,SKU2_009,FAM2,29,7.5
2022-01,SKU2_010,FAM2,22,6.45
2022-02,SKU2_010,FAM2,21,6.45
2022-03,SKU2_010,FAM2,22,6.45
2022-04,SKU2_010,FAM2,25,6.45
2022-05,SKU2_010,FAM2,24,6.45
2022-06,SKU2_010,FAM2,27,6.45
2022-07,SKU2_010,FAM2,26,6.45
2022-08,SKU2_010,FAM2,20,6.45
2022-09,SKU2_010,FAM2,26,6.45
2022-10,SKU2_010,FAM2,31,6.45
2022-11,SKU2_010,FAM2,29,6.45
2022-12,SKU2_010,FAM2,27,6.45
2023-01,SKU2_010,FAM2,23,6.45
2023-02,SKU2_010,FAM2,27,6.45
2023-03,SKU2_010,FAM2,27,6.45
2023-04,SKU2_010,FAM2,25,6.45
2023-05,SKU2_010,FAM2,26,6.45
2023-06,SKU2_010,FAM2,29,6.45
2023-07,SKU2_010,FAM2,23,6.45
2023-08,SKU2_010,FAM2,28,6.45
2023-09,SKU2_010,FAM2,27,6.45
2023-10,SKU2_010,FAM2,26,6.45
2023-11,SKU2_010,FAM2,27,6.45
2023-12,SKU2_010,FAM2,26,6.45
2024-01,SKU2_010,FAM2,23,6.45
2024-02,SKU2_010,FAM2,26,6.45
2024-03,SKU2_010,FAM2,22,6.45
2024-04,SKU2_010,FAM2,36,6.45
2024-05,SKU2_010,FAM2,26,6.45
2024-06,SKU2_010,FAM2,25,6.45
2024-07,SKU2_010,FAM2,32,6.45
2024-08,SKU2_010,FAM2,21,6.45
2024-09,SKU2_010,FAM2,25,6.45
2024-10,SKU2_010,FAM2,24,6.45
2024-11,SKU2_010,FAM2,25,6.45
2024-12,SKU2_010,FAM2,26,6.45
2022-01,SKU3_001,FAM3,25,5.38
2022-02,SKU3_001,FAM3,26,5.38
2022-03,SKU3_001,FAM3,25,5.38
2022-04,SKU3_001,FAM3,28,5.38
2022-05,SKU3_001,FAM3,26,5.38
2022-06,SKU3_001,FAM3,30,5.38
2022-07,SKU3_001,FAM3,31,5.38
2022-08,SKU3_001,FAM3,29,5.38
2022-09,SKU3_001,FAM3,30,5.38
2022-10,SKU3_001,FAM3,45,5.38
2022-11,SKU3_001,FAM3,26,5.38
2022-12,SKU3_001,FAM3,26,5.38
2023-01,SKU3_001,FAM3,31,5.38
2023-02,SKU3_001,FAM3,35,5.38
2023-03,SKU3_001,FAM3,29,5.38
2023-04,SKU3_001,FAM3,34,5.38
2023-05,SKU3_001,FAM3,30,5.38
2023-06,SKU3_001,FAM3,28,5.38
2023-07,SKU3_001,FAM3,27,5.38
2023-08,SKU3_001,FAM3,31,5.38
2023-09,SKU3_001,FAM3,27,5.38
2023-10,SKU3_001,FAM3,30,5.38
2023-11,SKU3_001,FAM3,33,5.38
2023-12,SKU3_001,FAM3,29,5.38
2024-01,SKU3_001,FAM3,33,5.38
2024-02,SKU3_001,FAM3,26,5.38
2024-03,SKU3_001,FAM3,28,5.38
2024-04,SKU3_001,FAM3,26,5.38
2024-05,SKU3_001,FAM3,30,5.38
2024-06,SKU3_001,FAM3,46,5.38
2024-07,SKU3_001,FAM3,31,5.38
2024-08,SKU3_001,FAM3,34,5.38
2024-09,SKU3_001,FAM3,29,5.38
2024-10,SKU3_001,FAM3,32,5.38
2024-11,SKU3_001,FAM3,31,5.38
2024-12,SKU3_001,FAM3,33,5.38
2022-01,SKU3_002,FAM3,28,6.78
2022-02,SKU3_002,FAM3,26,6.78
2022-03,SKU3_002,FAM3,26,6.78
2022-04,SKU3_002,FAM3,26,6.78
2022-05,SKU3_002,FAM3,28,6.78
2022-06,SKU3_002,FAM3,30,6.78
2022-07,SKU3_002,FAM3,29,6.78
2022-08,SKU3_002,FAM3,31,6.78
2022-09,SKU3_002,FAM3,24,6.78
2022-10,SKU3_002,FAM3,29,6.78
2022-11,SKU3_002,FAM3,27,6.78
2022-12,SKU3_002,FAM3,31,6.78
2023-01,SKU3_002,FAM3,41,6.78
2023-02,SKU3_002,FAM3,30,6.78
2023-03,SKU3_002,FAM3,31,6.78
2023-04,SKU3_002,FAM3,32,6.78
2023-05,SKU3_002,FAM3,30,6.78
2023-06,SKU3_002,FAM3,27,6.78
2023-07,SKU3_002,FAM3,26,6.78
2023-08,SKU3_002,FAM3,30,6.78
2023-09,SKU3_002,FAM3,30,6.78
2023-10,SKU3_002,FAM3,27,6.78
2023-11,SKU3_002,FAM3,31,6.78
2023-12,SKU3_002,FAM3,28,6.78
2024-01,SKU3_002,FAM3,25,6.78
2024-02,SKU3_002,FAM3,33,6.78
2024-03,SKU3_002,FAM3,33,6.78
2024-04,SKU3_002,FAM3,25,6.78
2024-05,SKU3_002,FAM3,38,6.78
2024-06,SKU3_002,FAM3,29,6.78
2024-07,SKU3_002,FAM3,35,6.78
2024-08,SKU3_002,FAM3,31,6.78
2024-09,SKU3_002,FAM3,28,6.78
2024-10,SKU3_002,FAM3,34,6.78
2024-11,SKU3_002,FAM3,29,6.78
2024-12,SKU3_002,FAM3,32,6.78
2022-01,SKU3_003,FAM3,31,6.84
2022-02,SKU3_003,FAM3,29,6.84
2022-03,SKU3_003,FAM3,29,6.84
2022-04,SKU3_003,FAM3,25,6.84
2022-05,SKU3_003,FAM3,31,6.84
2022-06,SKU3_003,FAM3,27,6.84
2022-07,SKU3_003,FAM3,26,6.84
2022-08,SKU3_003,FAM3,31,6.84
2022-09,SKU3_003,FAM3,26,6.84
2022-10,SKU3_003,FAM3,28,6.84
2022-11,SKU3_003,FAM3,30,6.84
2022-12,SKU3_003,FAM3,36,6.84
2023-01,SKU3_003,FAM3,28,6.84
2023-02,SKU3_003,FAM3,29,6.84
2023-03,SKU3_003,FAM3,32,6.84
2023-04,SKU3_003,FAM3,27,6.84
2023-05,SKU3_003,FAM3,31,6.84
2023-06,SKU3_003,FAM3,33,6.84
2023-07,SKU3_003,FAM3,29,6.84
2023-08,SKU3_003,FAM3,32,6.84
2023-09,SKU3_003,FAM3,31,6.84
2023-10,SKU3_003,FAM3,28,6.84
2023-11,SKU3_003,FAM3,29,6.84
2023-12,SKU3_003,FAM3,29,6.84
2024-01,SKU3_003,FAM3,30,6.84
2024-02,SKU3_003,FAM3,30,6.84
2024-03,SKU3_003,FAM3,32,6.84
2024-04,SKU3_003,FAM3,32,6.84
2024-05,SKU3_003,FAM3,36,6.84
2024-06,SKU3_003,FAM3,30,6.84
2024-07,SKU3_003,FAM3,32,6.84
2024-08,SKU3_003,FAM3,31,6.84
2024-09,SKU3_003,FAM3,31,6.84
2024-10,SKU3_003,FAM3,35,6.84
2024-11,SKU3_003,FAM3,32,6.84
2024-12,SKU3_003,FAM3,34,6.84
2022-01,SKU3_004,FAM3,10,5.73
2022-02,SKU3_004,FAM3,31,5.73
2022-03,SKU3_004,FAM3,27,5.73
2022-04,SKU3_004,FAM3,28,5.73
2022-05,SKU3_004,FAM3,0,5.73
2022-06,SKU3_004,FAM3,0,5.73
2022-07,SKU3_004,FAM3,0,5.73
2022-08,SKU3_004,FAM3,35,5.73
2022-09,SKU3_004,FAM3,28,5.73
2022-10,SKU3_004,FAM3,0,5.73
2022-11,SKU3_004,FAM3,30,5.73
2022-12,SKU3_004,FAM3,31,5.73
2023-01,SKU3_004,FAM3,34,5.73
2023-02,SKU3_004,FAM3,32,5.73
2023-03,SKU3_004,FAM3,32,5.73
2023-04,SKU3_004,FAM3,33,5.73
2023-05,SKU3_004,FAM3,29,5.73
2023-06,SKU3_004,FAM3,28,5.73
2023-07,SKU3_004,FAM3,27,5.73
2023-08,SKU3_004,FAM3,25,5.73
2023-09,SKU3_004,FAM3,35,5.73
2023-10,SKU3_004,FAM3,27,5.73
2023-11,SKU3_004,FAM3,0,5.73
2023-12,SKU3_004,FAM3,43,5.73
2024-01,SKU3_004,FAM3,0,5.73
2024-02,SKU3_004,FAM3,0,5.73
2024-03,SKU3_004,FAM3,32,5.73
2024-04,SKU3_004,FAM3,29,5.73
2024-05,SKU3_004,FAM3,0,5.73
2024-06,SKU3_004,FAM3,32,5.73
2024-07,SKU3_004,FAM3,31,5.73
2024-08,SKU3_004,FAM3,0,5.73
2024-09,SKU3_004,FAM3,33,5.73
2024-10,SKU3_004,FAM3,34,5.73
2024-11,SKU3_004,FAM3,34,5.73
2024-12,SKU3_004,FAM3,0,5.73
2022-01,SKU3_005,FAM3,26,5.82
2022-02,SKU3_005,FAM3,25,5.82
2022-03,SKU3_005,FAM3,31,5.82
2022-04,SKU3_005,FAM3,28,5.82
2022-05,SKU3_005,FAM3,34,5.82
2022-06,SKU3_005,FAM3,29,5.82
2022-07,SKU3_005,FAM3,29,5.82
2022-08,SKU3_005,FAM3,42,5.82
2022-09,SKU3_005,FAM3,29,5.82
2022-10,SKU3_005,FAM3,30,5.82
2022-11,SKU3_005,FAM3,37,5.82
2022-12,SKU3_005,FAM3,40,5.82
2023-01,SKU3_005,FAM3,30,5.82
2023-02,SKU3_005,FAM3,31,5.82
2023-03,SKU3_005,FAM3,33,5.82
2023-04,SKU3_005,FAM3,27,5.82
2023-05,SKU3_005,FAM3,32,5.82
2023-06,SKU3_005,FAM3,28,5.82
2023-07,SKU3_005,FAM3,32,5.82
2023-08,SKU3_005,FAM3,29,5.82
2023-09,SKU3_005,FAM3,24,5.82
2023-10,SKU3_005,FAM3,31,5.82
2023-11,SKU3_005,FAM3,31,5.82
2023-12,SKU3_005,FAM3,29,5.82
2024-01,SKU3_005,FAM3,29,5.82
2024-02,SKU3_005,FAM3,27,5.82
2024-03,SKU3_005,FAM3,32,5.82
2024-04,SKU3_005,FAM3,33,5.82
2024-05,SKU3_005,FAM3,29,5.82
2024-06,SKU3_005,FAM3,30,5.82
2024-07,SKU3_005,FAM3,31,5.82
2024-08,SKU3_005,FAM3,38,5.82
2024-09,SKU3_005,FAM3,34,5.82
2024-10,SKU3_005,FAM3,30,5.82
2024-11,SKU3_005,FAM3,34,5.82
2024-12,SKU3_005,FAM3,30,5.82
2022-01,SKU3_006,FAM3,25,6.0
2022-02,SKU3_006,FAM3,29,6.0
2022-03,SKU3_006,FAM3,30,6.0
2022-04,SKU3_006,FAM3,32,6.0
2022-05,SKU3_006,FAM3,29,6.0
2022-06,SKU3_006,FAM3,29,6.0
2022-07,SKU3_006,FAM3,27,6.0
2022-08,SKU3_006,FAM3,28,6.0
2022-09,SKU3_006,FAM3,30,6.0
2022-10,SKU3_006,FAM3,31,6.0
2022-11,SKU3_006,FAM3,33,6.0
2022-12,SKU3_006,FAM3,28,6.0
2023-01,SKU3_006,FAM3,35,6.0
2023-02,SKU3_006,FAM3,30,6.0
2023-03,SKU3_006,FAM3,31,6.0
2023-04,SKU3_006,FAM3,29,6.0
2023-05,SKU3_006,FAM3,24,6.0
2023-06,SKU3_006,FAM3,40,6.0
2023-07,SKU3_006,FAM3,32,6.0
2023-08,SKU3_006,FAM3,35,6.0
2023-09,SKU3_006,FAM3,31,6.0
2023-10,SKU3_006,FAM3,32,6.0
2023-11,SKU3_006,FAM3,26,6.0
2023-12,SKU3_006,FAM3,29,6.0
2024-01,SKU3_006,FAM3,32,6.0
2024-02,SKU3_006,FAM3,27,6.0
2024-03,SKU3_006,FAM3,31,6.0
2024-04,SKU3_006,FAM3,27,6.0
2024-05,SKU3_006,FAM3,32,6.0
2024-06,SKU3_006,FAM3,31,6.0
2024-07,SKU3_006,FAM3,27,6.0
2024-08,SKU3_006,FAM3,35,6.0
2024-09,SKU3_006,FAM3,30,6.0
2024-10,SKU3_006,FAM3,31,6.0
2024-11,SKU3_006,FAM3,34,6.0
2024-12,SKU3_006,FAM3,36,6.0
2022-01,SKU3_007,FAM3,26,7.14
2022-02,SKU3_007,FAM3,27,7.14
2022-03,SKU3_007,FAM3,32,7.14
2022-04,SKU3_007,FAM3,27,7.14
2022-05,SKU3_007,FAM3,25,7.14
2022-06,SKU3_007,FAM3,30,7.14
2022-07,SKU3_007,FAM3,29,7.14
2022-08,SKU3_007,FAM3,31,7.14
2022-09,SKU3_007,FAM3,31,7.14
2022-10,SKU3_007,FAM3,30,7.14
2022-11,SKU3_007,FAM3,31,7.14
2022-12,SKU3_007,FAM3,29,7.14
2023-01,SKU3_007,FAM3,31,7.14
2023-02,SKU3_007,FAM3,33,7.14
2023-03,SKU3_007,FAM3,28,7.14
2023-04,SKU3_007,FAM3,31,7.14
2023-05,SKU3_007,FAM3,33,7.14
2023-06,SKU3_007,FAM3,32,7.14
2023-07,SKU3_007,FAM3,34,7.14
2023-08,SKU3_007,FAM3,29,7.14
2023-09,SKU3_007,FAM3,34,7.14
2023-10,SKU3_007,FAM3,31,7.14
2023-11,SKU3_007,FAM3,31,7.14
2023-12,SKU3_007,FAM3,34,7.14
2024-01,SKU3_007,FAM3,34,7.14
2024-02,SKU3_007,FAM3,32,7.14
2024-03,SKU3_007,FAM3,33,7.14
2024-04,SKU3_007,FAM3,31,7.14
2024-05,SKU3_007,FAM3,28,7.14
2024-06,SKU3_007,FAM3,32,7.14
2024-07,SKU3_007,FAM3,34,7.14
2024-08,SKU3_007,FAM3,34,7.14
2024-09,SKU3_007,FAM3,35,7.14
2024-10,SKU3_007,FAM3,32,7.14
2024-11,SKU3_007,FAM3,33,7.14
2024-12,SKU3_007,FAM3,40,7.14
2022-01,SKU3_008,FAM3,26,6.37
2022-02,SKU3_008,FAM3,30,6.37
2022-03,SKU3_008,FAM3,29,6.37
2022-04,SKU3_008,FAM3,30,6.37
2022-05,SKU3_008,FAM3,0,6.37
2022-06,SKU3_008,FAM3,0,6.37
2022-07,SKU3_008,FAM3,29,6.37
2022-08,SKU3_008,FAM3,25,6.37
2022-09,SKU3_008,FAM3,30,6.37
2022-10,SKU3_008,FAM3,34,6.37
2022-11,SKU3_008,FAM3,31,6.37
2022-12,SKU3_008,FAM3,25,6.37
2023-01,SKU3_008,FAM3,41,6.37
2023-02,SKU3_008,FAM3,34,6.37
2023-03,SKU3_008,FAM3,32,6.37
2023-04,SKU3_008,FAM3,29,6.37
2023-05,SKU3_008,FAM3,30,6.37
2023-06,SKU3_008,FAM3,0,6.37
2023-07,SKU3_008,FAM3,29,6.37
2023-08,SKU3_008,FAM3,26,6.37
2023-09,SKU3_008,FAM3,33,6.37
2023-10,SKU3_008,FAM3,34,6.37
2023-11,SKU3_008,FAM3,27,6.37
2023-12,SKU3_008,FAM3,34,6.37
2024-01,SKU3_008,FAM3,0,6.37
2024-02,SKU3_008,FAM3,34,6.37
2024-03,SKU3_008,FAM3,0,6.37
2024-04,SKU3_008,FAM3,37,6.37
2024-05,SKU3_008,FAM3,32,6.37
2024-06,SKU3_008,FAM3,30,6.37
2024-07,SKU3_008,FAM3,35,6.37
2024-08,SKU3_008,FAM3,29,6.37
2024-09,SKU3_008,FAM3,32,6.37
2024-10,SKU3_008,FAM3,34,6.37
2024-11,SKU3_008,FAM3,32,6.37
2024-12,SKU3_008,FAM3,0,6.37
2022-01,SKU3_009,FAM3,24,6.74
2022-02,SKU3_009,FAM3,32,6.74
2022-03,SKU3_009,FAM3,30,6.74
2022-04,SKU3_009,FAM3,45,6.74
2022-05,SKU3_009,FAM3,26,6.74
2022-06,SKU3_009,FAM3,32,6.74
2022-07,SKU3_009,FAM3,30,6.74
2022-08,SKU3_009,FAM3,27,6.74
2022-09,SKU3_009,FAM3,31,6.74
2022-10,SKU3_009,FAM3,35,6.74
2022-11,SKU3_009,FAM3,28,6.74
2022-12,SKU3_009,FAM3,31,6.74
2023-01,SKU3_009,FAM3,29,6.74
2023-02,SKU3_009,FAM3,30,6.74
2023-03,SKU3_009,FAM3,35,6.74
2023-04,SKU3_009,FAM3,31,6.74
2023-05,SKU3_009,FAM3,35,6.74
2023-06,SKU3_009,FAM3,34,6.74
2023-07,SKU3_009,FAM3,30,6.74
2023-08,SKU3_009,FAM3,30,6.74
2023-09,SKU3_009,FAM3,29,6.74
2023-10,SKU3_009,FAM3,29,6.74
2023-11,SKU3_009,FAM3,32,6.74
2023-12,SKU3_009,FAM3,31,6.74
2024-01,SKU3_009,FAM3,29,6.74
2024-02,SKU3_009,FAM3,27,6.74
2024-03,SKU3_009,FAM3,32,6.74
2024-04,SKU3_009,FAM3,30,6.74
2024-05,SKU3_009,FAM3,31,6.74
2024-06,SKU3_009,FAM3,33,6.74
2024-07,SKU3_009,FAM3,26,6.74
2024-08,SKU3_009,FAM3,29,6.74
2024-09,SKU3_009,FAM3,39,6.74
2024-10,SKU3_009,FAM3,32,6.74
2024-11,SKU3_009,FAM3,27,6.74
2024-12,SKU3_009,FAM3,30,6.74
2022-01,SKU3_010,FAM3,30,6.68
2022-02,SKU3_010,FAM3,28,6.68
2022-03,SKU3_010,FAM3,31,6.68
2022-04,SKU3_010,FAM3,33,6.68
2022-05,SKU3_010,FAM3,32,6.68
2022-06,SKU3_010,FAM3,29,6.68
2022-07,SKU3_010,FAM3,31,6.68
2022-08,SKU3_010,FAM3,29,6.68
2022-09,SKU3_010,FAM3,29,6.68
2022-10,SKU3_010,FAM3,32,6.68
2022-11,SKU3_010,FAM3,29,6.68
2022-12,SKU3_010,FAM3,26,6.68
2023-01,SKU3_010,FAM3,35,6.68
2023-02,SKU3_010,FAM3,38,6.68
2023-03,SKU3_010,FAM3,35,6.68
2023-04,SKU3_010,FAM3,30,6.68
2023-05,SKU3_010,FAM3,33,6.68
2023-06,SKU3_010,FAM3,31,6.68
2023-07,SKU3_010,FAM3,34,6.68
2023-08,SKU3_010,FAM3,34,6.68
2023-09,SKU3_010,FAM3,34,6.68
2023-10,SKU3_010,FAM3,27,6.68
2023-11,SKU3_010,FAM3,32,6.68
2023-12,SKU3_010,FAM3,33,6.68
2024-01,SKU3_010,FAM3,32,6.68
2024-02,SKU3_010,FAM3,33,6.68
2024-03,SKU3_010,FAM3,32,6.68
2024-04,SKU3_010,FAM3,30,6.68
2024-05,SKU3_010,FAM3,27,6.68
2024-06,SKU3_010,FAM3,30,6.68
2024-07,SKU3_010,FAM3,39,6.68
2024-08,SKU3_010,FAM3,31,6.68
2024-09,SKU3_010,FAM3,28,6.68
2024-10,SKU3_010,FAM3,35,6.68
2024-11,SKU3_010,FAM3,36,6.68
2024-12,SKU3_010,FAM3,38,6.68
2022-01,SKU4_001,FAM4,31,6.59
2022-02,SKU4_001,FAM4,30,6.59
2022-03,SKU4_001,FAM4,36,6.59
2022-04,SKU4_001,FAM4,30,6.59
2022-05,SKU4_001,FAM4,29,6.59
2022-06,SKU4_001,FAM4,37,6.59
2022-07,SKU4_001,FAM4,40,6.59
2022-08,SKU4_001,FAM4,33,6.59
2022-09,SKU4_001,FAM4,35,6.59
2022-10,SKU4_001,FAM4,41,6.59
2022-11,SKU4_001,FAM4,35,6.59
2022-12,SKU4_001,FAM4,34,6.59
2023-01,SKU4_001,FAM4,35,6.59
2023-02,SKU4_001,FAM4,47,6.59
2023-03,SKU4_001,FAM4,33,6.59
2023-04,SKU4_001,FAM4,35,6.59
2023-05,SKU4_001,FAM4,31,6.59
2023-06,SKU4_001,FAM4,35,6.59
2023-07,SKU4_001,FAM4,35,6.59
2023-08,SKU4_001,FAM4,36,6.59
2023-09,SKU4_001,FAM4,36,6.59
2023-10,SKU4_001,FAM4,38,6.59
2023-11,SKU4_001,FAM4,31,6.59
2023-12,SKU4_001,FAM4,32,6.59
2024-01,SKU4_001,FAM4,37,6.59
2024-02,SKU4_001,FAM4,30,6.59
2024-03,SKU4_001,FAM4,37,6.59
2024-04,SKU4_001,FAM4,33,6.59
2024-05,SKU4_001,FAM4,41,6.59
2024-06,SKU4_001,FAM4,38,6.59
2024-07,SKU4_001,FAM4,37,6.59
2024-08,SKU4_001,FAM4,41,6.59
2024-09,SKU4_001,FAM4,35,6.59
2024-10,SKU4_001,FAM4,36,6.59
2024-11,SKU4_001,FAM4,36,6.59
2024-12,SKU4_001,FAM4,37,6.59
2022-01,SKU4_002,FAM4,30,5.81
2022-02,SKU4_002,FAM4,32,5.81
2022-03,SKU4_002,FAM4,32,5.81
2022-04,SKU4_002,FAM4,39,5.81
2022-05,SKU4_002,FAM4,34,5.81
2022-06,SKU4_002,FAM4,36,5.81
2022-07,SKU4_002,FAM4,35,5.81
2022-08,SKU4_002,FAM4,34,5.81
2022-09,SKU4_002,FAM4,30,5.81
2022-10,SKU4_002,FAM4,35,5.81
2022-11,SKU4_002,FAM4,53,5.81
2022-12,SKU4_002,FAM4,32,5.81
2023-01,SKU4_002,FAM4,31,5.81
2023-02,SKU4_002,FAM4,41,5.81
2023-03,SKU4_002,FAM4,38,5.81
2023-04,SKU4_002,FAM4,36,5.81
2023-05,SKU4_002,FAM4,40,5.81
2023-06,SKU4_002,FAM4,33,5.81
2023-07,SKU4_002,FAM4,35,5.81
2023-08,SKU4_002,FAM4,38,5.81
2023-09,SKU4_002,FAM4,42,5.81
2023-10,SKU4_002,FAM4,43,5.81
2023-11,SKU4_002,FAM4,39,5.81
2023-12,SKU4_002,FAM4,37,5.81
2024-01,SKU4_002,FAM4,36,5.81
2024-02,SKU4_002,FAM4,36,5.81
2024-03,SKU4_002,FAM4,32,5.81
2024-04,SKU4_002,FAM4,39,5.81
2024-05,SKU4_002,FAM4,35,5.81
2024-06,SKU4_002,FAM4,34,5.81
2024-07,SKU4_002,FAM4,40,5.81
2024-08,SKU4_002,FAM4,40,5.81
2024-09,SKU4_002,FAM4,39,5.81
2024-10,SKU4_002,FAM4,42,5.81
2024-11,SKU4_002,FAM4,43,5.81
2024-12,SKU4_002,FAM4,43,5.81
2022-01,SKU4_003,FAM4,38,6.99
2022-02,SKU4_003,FAM4,35,6.99
2022-03,SKU4_003,FAM4,38,6.99
2022-04,SKU4_003,FAM4,35,6.99
2022-05,SKU4_003,FAM4,35,6.99
2022-06,SKU4_003,FAM4,36,6.99
2022-07,SKU4_003,FAM4,34,6.99
2022-08,SKU4_003,FAM4,30,6.99
2022-09,SKU4_003,FAM4,36,6.99
2022-10,SKU4_003,FAM4,33,6.99
2022-11,SKU4_003,FAM4,33,6.99
2022-12,SKU4_003,FAM4,38,6.99
2023-01,SKU4_003,FAM4,35,6.99
2023-02,SKU4_003,FAM4,39,6.99
2023-03,SKU4_003,FAM4,34,6.99
2023-04,SKU4_003,FAM4,48,6.99
2023-05,SKU4_003,FAM4,39,6.99
2023-06,SKU4_003,FAM4,37,6.99
2023-07,SKU4_003,FAM4,32,6.99
2023-08,SKU4_003,FAM4,37,6.99
2023-09,SKU4_003,FAM4,40,6.99
2023-10,SKU4_003,FAM4,35,6.99
2023-11,SKU4_003,FAM4,38,6.99
2023-12,SKU4_003,FAM4,34,6.99
2024-01,SKU4_003,FAM4,36,6.99
2024-02,SKU4_003,FAM4,39,6.99
2024-03,SKU4_003,FAM4,37,6.99
2024-04,SKU4_003,FAM4,40,6.99
2024-05,SKU4_003,FAM4,38,6.99
2024-06,SKU4_003,FAM4,51,6.99
2024-07,SKU4_003,FAM4,33,6.99
2024-08,SKU4_003,FAM4,38,6.99
2024-09,SKU4_003,FAM4,36,6.99
2024-10,SKU4_003,FAM4,36,6.99
2024-11,SKU4_003,FAM4,37,6.99
2024-12,SKU4_003,FAM4,40,6.99
2022-01,SKU4_004,FAM4,35,5.53
2022-02,SKU4_004,FAM4,31,5.53
2022-03,SKU4_004,FAM4,33,5.53
2022-04,SKU4_004,FAM4,0,5.53
2022-05,SKU4_004,FAM4,33,5.53
2022-06,SKU4_004,FAM4,37,5.53
2022-07,SKU4_004,FAM4,35,5.53
2022-08,SKU4_004,FAM4,41,5.53
2022-09,SKU4_004,FAM4,40,5.53
2022-10,SKU4_004,FAM4,32,5.53
2022-11,SKU4_004,FAM4,0,5.53
2022-12,SKU4_004,FAM4,34,5.53
2023-01,SKU4_004,FAM4,37,5.53
2023-02,SKU4_004,FAM4,36,5.53
2023-03,SKU4_004,FAM4,0,5.53
2023-04,SKU4_004,FAM4,0,5.53
2023-05,SKU4_004,FAM4,37,5.53
2023-06,SKU4_004,FAM4,35,5.53
2023-07,SKU4_004,FAM4,43,5.53
2023-08,SKU4_004,FAM4,0,5.53
2023-09,SKU4_004,FAM4,37,5.53
2023-10,SKU4_004,FAM4,36,5.53
2023-11,SKU4_004,FAM4,0,5.53
2023-12,SKU4_004,FAM4,0,5.53
2024-01,SKU4_004,FAM4,32,5.53
2024-02,SKU4_004,FAM4,48,5.53
2024-03,SKU4_004,FAM4,33,5.53
2024-04,SKU4_004,FAM4,33,5.53
2024-05,SKU4_004,FAM4,41,5.53
2024-06,SKU4_004,FAM4,0,5.53
2024-07,SKU4_004,FAM4,37,5.53
2024-08,SKU4_004,FAM4,40,5.53
2024-09,SKU4_004,FAM4,38,5.53
2024-10,SKU4_004,FAM4,45,5.53
2024-11,SKU4_004,FAM4,39,5.53
2024-12,SKU4_004,FAM4,41,5.53
2022-01,SKU4_005,FAM4,30,6.69
2022-02,SKU4_005,FAM4,31,6.69
2022-03,SKU4_005,FAM4,38,6.69
2022-04,SKU4_005,FAM4,34,6.69
2022-05,SKU4_005,FAM4,38,6.69
2022-06,SKU4_005,FAM4,35,6.69
2022-07,SKU4_005,FAM4,37,6.69
2022-08,SKU4_005,FAM4,35,6.69
2022-09,SKU4_005,FAM4,35,6.69
2022-10,SKU4_005,FAM4,34,6.69
2022-11,SKU4_005,FAM4,34,6.69
2022-12,SKU4_005,FAM4,35,6.69
2023-01,SKU4_005,FAM4,37,6.69
2023-02,SKU4_005,FAM4,34,6.69
2023-03,SKU4_005,FAM4,38,6.69
2023-04,SKU4_005,FAM4,40,6.69
2023-05,SKU4_005,FAM4,37,6.69
2023-06,SKU4_005,FAM4,35,6.69
2023-07,SKU4_005,FAM4,33,6.69
2023-08,SKU4_005,FAM4,41,6.69
2023-09,SKU4_005,FAM4,33,6.69
2023-10,SKU4_005,FAM4,39,6.69
2023-11,SKU4_005,FAM4,38,6.69
2023-12,SKU4_005,FAM4,36,6.69
2024-01,SKU4_005,FAM4,36,6.69
2024-02,SKU4_005,FAM4,32,6.69
2024-03,SKU4_005,FAM4,38,6.69
2024-04,SKU4_005,FAM4,39,6.69
2024-05,SKU4_005,FAM4,34,6.69
2024-06,SKU4_005,FAM4,37,6.69
2024-07,SKU4_005,FAM4,38,6.69
2024-08,SKU4_005,FAM4,40,6.69
2024-09,SKU4_005,FAM4,39,6.69
2024-10,SKU4_005,FAM4,35,6.69
2024-11,SKU4_005,FAM4,51,6.69
2024-12,SKU4_005,FAM4,41,6.69
2022-01,SKU4_006,FAM4,33,7.49
2022-02,SKU4_006,FAM4,31,7.49
2022-03,SKU4_006,FAM4,35,7.49
2022-04,SKU4_006,FAM4,34,7.49
2022-05,SKU4_006,FAM4,33,7.49
2022-06,SKU4_006,FAM4,36,7.49
2022-07,SKU4_006,FAM4,51,7.49
2022-08,SKU4_006,FAM4,35,7.49
2022-09,SKU4_006,FAM4,38,7.49
2022-10,SKU4_006,FAM4,32,7.49
2022-11,SKU4_006,FAM4,34,7.49
2022-12,SKU4_006,FAM4,38,7.49
2023-01,SKU4_006,FAM4,41,7.49
2023-02,SKU4_006,FAM4,38,7.49
2023-03,SKU4_006,FAM4,36,7.49
2023-04,SKU4_006,FAM4,48,7.49
2023-05,SKU4_006,FAM4,33,7.49
2023-06,SKU4_006,FAM4,38,7.49
2023-07,SKU4_006,FAM4,39,7.49
2023-08,SKU4_006,FAM4,35,7.49
2023-09,SKU4_006,FAM4,35,7.49
2023-10,SKU4_006,FAM4,37,7.49
2023-11,SKU4_006,FAM4,35,7.49
2023-12,SKU4_006,FAM4,37,7.49
2024-01,SKU4_006,FAM4,43,7.49
2024-02,SKU4_006,FAM4,36,7.49
2024-03,SKU4_006,FAM4,36,7.49
2024-04,SKU4_006,FAM4,36,7.49
2024-05,SKU4_006,FAM4,40,7.49
2024-06,SKU4_006,FAM4,37,7.49
2024-07,SKU4_006,FAM4,37,7.49
2024-08,SKU4_006,FAM4,42,7.49
2024-09,SKU4_006,FAM4,43,7.49
2024-10,SKU4_006,FAM4,38,7.49
2024-11,SKU4_006,FAM4,35,7.49
2024-12,SKU4_006,FAM4,43,7.49
2022-01,SKU4_007,FAM4,32,7.09
2022-02,SKU4_007,FAM4,36,7.09
2022-03,SKU4_007,FAM4,33,7.09
2022-04,SKU4_007,FAM4,38,7.09
2022-05,SKU4_007,FAM4,31,7.09
2022-06,SKU4_007,FAM4,35,7.09
2022-07,SKU4_007,FAM4,32,7.09
2022-08,SKU4_007,FAM4,37,7.09
2022-09,SKU4_007,FAM4,38,7.09
2022-10,SKU4_007,FAM4,35,7.09
2022-11,SKU4_007,FAM4,29,7.09
2022-12,SKU4_007,FAM4,37,7.09
2023-01,SKU4_007,FAM4,44,7.09
2023-02,SKU4_007,FAM4,38,7.09
2023-03,SKU4_007,FAM4,40,7.09
2023-04,SKU4_007,FAM4,34,7.09
2023-05,SKU4_007,FAM4,39,7.09
2023-06,SKU4_007,FAM4,40,7.09
2023-07,SKU4_007,FAM4,32,7.09
2023-08,SKU4_007,FAM4,38,7.09
2023-09,SKU4_007,FAM4,35,7.09
2023-10,SKU4_007,FAM4,37,7.09
2023-11,SKU4_007,FAM4,38,7.09
2023-12,SKU4_007,FAM4,36,7.09
2024-01,SKU4_007,FAM4,35,7.09
2024-02,SKU4_007,FAM4,49,7.09
2024-03,SKU4_007,FAM4,34,7.09
2024-04,SKU4_007,FAM4,35,7.09
2024-05,SKU4_007,FAM4,40,7.09
2024-06,SKU4_007,FAM4,35,7.09
2024-07,SKU4_007,FAM4,40,7.09
2024-08,SKU4_007,FAM4,40,7.09
2024-09,SKU4_007,FAM4,35,7.09
2024-10,SKU4_007,FAM4,38,7.09
2024-11,SKU4_007,FAM4,44,7.09
2024-12,SKU4_007,FAM4,38,7.09
2022-01,SKU4_008,FAM4,0,7.11
2022-02,SKU4_008,FAM4,39,7.11
2022-03,SKU4_008,FAM4,0,7.11
2022-04,SKU4_008,FAM4,36,7.11
2022-05,SKU4_008,FAM4,37,7.11
2022-06,SKU4_008,FAM4,36,7.11
2022-07,SKU4_008,FAM4,38,7.11
2022-08,SKU4_008,FAM4,34,7.11
2022-09,SKU4_008,FAM4,35,7.11
2022-10,SKU4_008,FAM4,33,7.11
2022-11,SKU4_008,FAM4,38,7.11
2022-12,SKU4_008,FAM4,39,7.11
2023-01,SKU4_008,FAM4,38,7.11
2023-02,SKU4_008,FAM4,0,7.11
2023-03,SKU4_008,FAM4,37,7.11
2023-04,SKU4_008,FAM4,0,7.11
2023-05,SKU4_008,FAM4,34,7.11
2023-06,SKU4_008,FAM4,36,7.11
2023-07,SKU4_008,FAM4,39,7.11
2023-08,SKU4_008,FAM4,39,7.11
2023-09,SKU4_008,FAM4,36,7.11
2023-10,SKU4_008,FAM4,49,7.11
2023-11,SKU4_008,FAM4,33,7.11
2023-12,SKU4_008,FAM4,36,7.11
2024-01,SKU4_008,FAM4,0,7.11
2024-02,SKU4_008,FAM4,39,7.11
2024-03,SKU4_008,FAM4,39,7.11
2024-04,SKU4_008,FAM4,38,7.11
2024-05,SKU4_008,FAM4,38,7.11
2024-06,SKU4_008,FAM4,37,7.11
2024-07,SKU4_008,FAM4,0,7.11
2024-08,SKU4_008,FAM4,40,7.11
2024-09,SKU4_008,FAM4,41,7.11
2024-10,SKU4_008,FAM4,39,7.11
2024-11,SKU4_008,FAM4,34,7.11
2024-12,SKU4_008,FAM4,50,7.11
2022-01,SKU4_009,FAM4,33,7.77
2022-02,SKU4_009,FAM4,35,7.77
2022-03,SKU4_009,FAM4,34,7.77
2022-04,SKU4_009,FAM4,35,7.77
2022-05,SKU4_009,FAM4,36,7.77
2022-06,SKU4_009,FAM4,33,7.77
2022-07,SKU4_009,FAM4,40,7.77
2022-08,SKU4_009,FAM4,40,7.77
2022-09,SKU4_009,FAM4,40,7.77
2022-10,SKU4_009,FAM4,39,7.77
2022-11,SKU4_009,FAM4,32,7.77
2022-12,SKU4_009,FAM4,40,7.77
2023-01,SKU4_009,FAM4,39,7.77
2023-02,SKU4_009,FAM4,33,7.77
2023-03,SKU4_009,FAM4,37,7.77
2023-04,SKU4_009,FAM4,38,7.77
2023-05,SKU4_009,FAM4,42,7.77
2023-06,SKU4_009,FAM4,39,7.77
2023-07,SKU4_009,FAM4,35,7.77
2023-08,SKU4_009,FAM4,42,7.77
2023-09,SKU4_009,FAM4,37,7.77
2023-10,SKU4_009,FAM4,36,7.77
2023-11,SKU4_009,FAM4,36,7.77
2023-12,SKU4_009,FAM4,33,7.77
2024-01,SKU4_009,FAM4,37,7.77
2024-02,SKU4_009,FAM4,39,7.77
2024-03,SKU4_009,FAM4,37,7.77
2024-04,SKU4_009,FAM4,39,7.77
2024-05,SKU4_009,FAM4,36,7.77
2024-06,SKU4_009,FAM4,46,7.77
2024-07,SKU4_009,FAM4,40,7.77
2024-08,SKU4_009,FAM4,40,7.77
2024-09,SKU4_009,FAM4,35,7.77
2024-10,SKU4_009,FAM4,39,7.77
2024-11,SKU4_009,FAM4,45,7.77
2024-12,SKU4_009,FAM4,47,7.77
2022-01,SKU4_010,FAM4,29,6.7
2022-02,SKU4_010,FAM4,41,6.7
2022-03,SKU4_010,FAM4,38,6.7
2022-04,SKU4_010,FAM4,37,6.7
2022-05,SKU4_010,FAM4,36,6.7
2022-06,SKU4_010,FAM4,40,6.7
2022-07,SKU4_010,FAM4,35,6.7
2022-08,SKU4_010,FAM4,35,6.7
2022-09,SKU4_010,FAM4,37,6.7
2022-10,SKU4_010,FAM4,39,6.7
2022-11,SKU4_010,FAM4,32,6.7
2022-12,SKU4_010,FAM4,38,6.7
2023-01,SKU4_010,FAM4,40,6.7
2023-02,SKU4_010,FAM4,37,6.7
2023-03,SKU4_010,FAM4,41,6.7
2023-04,SKU4_010,FAM4,39,6.7
2023-05,SKU4_010,FAM4,43,6.7
2023-06,SKU4_010,FAM4,35,6.7
2023-07,SKU4_010,FAM4,40,6.7
2023-08,SKU4_010,FAM4,35,6.7
2023-09,SKU4_010,FAM4,33,6.7
2023-10,SKU4_010,FAM4,32,6.7
2023-11,SKU4_010,FAM4,39,6.7
2023-12,SKU4_010,FAM4,45,6.7
2024-01,SKU4_010,FAM4,36,6.7
2024-02,SKU4_010,FAM4,33,6.7
2024-03,SKU4_010,FAM4,36,6.7
2024-04,SKU4_010,FAM4,38,6.7
2024-05,SKU4_010,FAM4,41,6.7
2024-06,SKU4_010,FAM4,39,6.7
2024-07,SKU4_010,FAM4,40,6.7
2024-08,SKU4_010,FAM4,39,6.7
2024-09,SKU4_010,FAM4,45,6.7
2024-10,SKU4_010,FAM4,38,6.7
2024-11,SKU4_010,FAM4,39,6.7
2024-12,SKU4_010,FAM4,40,6.7
2022-01,SKU5_001,FAM5,41,7.0
2022-02,SKU5_001,FAM5,38,7.0
2022-03,SKU5_001,FAM5,37,7.0
2022-04,SKU5_001,FAM5,46,7.0
2022-05,SKU5_001,FAM5,32,7.0
2022-06,SKU5_001,FAM5,50,7.0
2022-07,SKU5_001,FAM5,33,7.0
2022-08,SKU5_001,FAM5,37,7.0
2022-09,SKU5_001,FAM5,38,7.0
2022-10,SKU5_001,FAM5,45,7.0
2022-11,SKU5_001,FAM5,33,7.0
2022-12,SKU5_001,FAM5,40,7.0
2023-01,SKU5_001,FAM5,43,7.0
2023-02,SKU5_001,FAM5,43,7.0
2023-03,SKU5_001,FAM5,46,7.0
2023-04,SKU5_001,FAM5,42,7.0
2023-05,SKU5_001,FAM5,43,7.0
2023-06,SKU5_001,FAM5,36,7.0
2023-07,SKU5_001,FAM5,39,7.0
2023-08,SKU5_001,FAM5,36,7.0
2023-09,SKU5_001,FAM5,43,7.0
2023-10,SKU5_001,FAM5,43,7.0
2023-11,SKU5_001,FAM5,43,7.0
2023-12,SKU5_001,FAM5,39,7.0
2024-01,SKU5_001,FAM5,39,7.0
2024-02,SKU5_001,FAM5,43,7.0
2024-03,SKU5_001,FAM5,41,7.0
2024-04,SKU5_001,FAM5,40,7.0
2024-05,SKU5_001,FAM5,42,7.0
2024-06,SKU5_001,FAM5,42,7.0
2024-07,SKU5_001,FAM5,41,7.0
2024-08,SKU5_001,FAM5,41,7.0
2024-09,SKU5_001,FAM5,46,7.0
2024-10,SKU5_001,FAM5,50,7.0
2024-11,SKU5_001,FAM5,46,7.0
2024-12,SKU5_001,FAM5,47,7.0
2022-01,SKU5_002,FAM5,39,6.44
2022-02,SKU5_002,FAM5,41,6.44
2022-03,SKU5_002,FAM5,39,6.44
2022-04,SKU5_002,FAM5,41,6.44
2022-05,SKU5_002,FAM5,42,6.44
2022-06,SKU5_002,FAM5,39,6.44
2022-07,SKU5_002,FAM5,51,6.44
2022-08,SKU5_002,FAM5,38,6.44
2022-09,SKU5_002,FAM5,42,6.44
2022-10,SKU5_002,FAM5,43,6.44
2022-11,SKU5_002,FAM5,44,6.44
2022-12,SKU5_002,FAM5,44,6.44
2023-01,SKU5_002,FAM5,45,6.44
2023-02,SKU5_002,FAM5,41,6.44
2023-03,SKU5_002,FAM5,41,6.44
2023-04,SKU5_002,FAM5,41,6.44
2023-05,SKU5_002,FAM5,43,6.44
2023-06,SKU5_002,FAM5,36,6.44
2023-07,SKU5_002,FAM5,46,6.44
2023-08,SKU5_002,FAM5,42,6.44
2023-09,SKU5_002,FAM5,41,6.44
2023-10,SKU5_002,FAM5,34,6.44
2023-11,SKU5_002,FAM5,42,6.44
2023-12,SKU5_002,FAM5,42,6.44
2024-01,SKU5_002,FAM5,40,6.44
2024-02,SKU5_002,FAM5,41,6.44
2024-03,SKU5_002,FAM5,43,6.44
2024-04,SKU5_002,FAM5,41,6.44
2024-05,SKU5_002,FAM5,45,6.44
2024-06,SKU5_002,FAM5,42,6.44
2024-07,SKU5_002,FAM5,52,6.44
2024-08,SKU5_002,FAM5,48,6.44
2024-09,SKU5_002,FAM5,45,6.44
2024-10,SKU5_002,FAM5,47,6.44
2024-11,SKU5_002,FAM5,47,6.44
2024-12,SKU5_002,FAM5,47,6.44
2022-01,SKU5_003,FAM5,35,6.77
2022-02,SKU5_003,FAM5,39,6.77
2022-03,SKU5_003,FAM5,39,6.77
2022-04,SKU5_003,FAM5,38,6.77
2022-05,SKU5_003,FAM5,40,6.77
2022-06,SKU5_003,FAM5,40,6.77
2022-07,SKU5_003,FAM5,42,6.77
2022-08,SKU5_003,FAM5,45,6.77
2022-09,SKU5_003,FAM5,43,6.77
2022-10,SKU5_003,FAM5,42,6.77
2022-11,SKU5_003,FAM5,59,6.77
2022-12,SKU5_003,FAM5,45,6.77
2023-01,SKU5_003,FAM5,42,6.77
2023-02,SKU5_003,FAM5,38,6.77
2023-03,SKU5_003,FAM5,39,6.77
2023-04,SKU5_003,FAM5,45,6.77
2023-05,SKU5_003,FAM5,40,6.77
2023-06,SKU5_003,FAM5,39,6.77
2023-07,SKU5_003,FAM5,40,6.77
2023-08,SKU5_003,FAM5,40,6.77
2023-09,SKU5_003,FAM5,45,6.77
2023-10,SKU5_003,FAM5,42,6.77
2023-11,SKU5_003,FAM5,38,6.77
2023-12,SKU5_003,FAM5,43,6.77
2024-01,SKU5_003,FAM5,43,6.77
2024-02,SKU5_003,FAM5,41,6.77
2024-03,SKU5_003,FAM5,46,6.77
2024-04,SKU5_003,FAM5,42,6.77
2024-05,SKU5_003,FAM5,47,6.77
2024-06,SKU5_003,FAM5,46,6.77
2024-07,SKU5_003,FAM5,47,6.77
2024-08,SKU5_003,FAM5,42,6.77
2024-09,SKU5_003,FAM5,46,6.77
2024-10,SKU5_003,FAM5,46,6.77
2024-11,SKU5_003,FAM5,54,6.77
2024-12,SKU5_003,FAM5,50,6.77
2022-01,SKU5_004,FAM5,43,7.0
2022-02,SKU5_004,FAM5,36,7.0
2022-03,SKU5_004,FAM5,39,7.0
2022-04,SKU5_004,FAM5,38,7.0
2022-05,SKU5_004,FAM5,41,7.0
2022-06,SKU5_004,FAM5,43,7.0
2022-07,SKU5_004,FAM5,42,7.0
2022-08,SKU5_004,FAM5,44,7.0
2022-09,SKU5_004,FAM5,41,7.0
2022-10,SKU5_004,FAM5,41,7.0
2022-11,SKU5_004,FAM5,36,7.0
2022-12,SKU5_004,FAM5,44,7.0
2023-01,SKU5_004,FAM5,42,7.0
2023-02,SKU5_004,FAM5,42,7.0
2023-03,SKU5_004,FAM5,42,7.0
2023-04,SKU5_004,FAM5,0,7.0
2023-05,SKU5_004,FAM5,42,7.0
2023-06,SKU5_004,FAM5,41,7.0
2023-07,SKU5_004,FAM5,9,7.0
2023-08,SKU5_004,FAM5,44,7.0
2023-09,SKU5_004,FAM5,40,7.0
2023-10,SKU5_004,FAM5,0,7.0
2023-11,SKU5_004,FAM5,54,7.0
2023-12,SKU5_004,FAM5,43,7.0
2024-01,SKU5_004,FAM5,42,7.0
2024-02,SKU5_004,FAM5,45,7.0
2024-03,SKU5_004,FAM5,0,7.0
2024-04,SKU5_004,FAM5,0,7.0
2024-05,SKU5_004,FAM5,44,7.0
2024-06,SKU5_004,FAM5,42,7.0
2024-07,SKU5_004,FAM5,47,7.0
2024-08,SKU5_004,FAM5,0,7.0
2024-09,SKU5_004,FAM5,46,7.0
2024-10,SKU5_004,FAM5,0,7.0
2024-11,SKU5_004,FAM5,0,7.0
2024-12,SKU5_004,FAM5,48,7.0
2022-01,SKU5_005,FAM5,36,7.22
2022-02,SKU5_005,FAM5,36,7.22
2022-03,SKU5_005,FAM5,41,7.22
2022-04,SKU5_005,FAM5,44,7.22
2022-05,SKU5_005,FAM5,41,7.22
2022-06,SKU5_005,FAM5,41,7.22
2022-07,SKU5_005,FAM5,39,7.22
2022-08,SKU5_005,FAM5,42,7.22
2022-09,SKU5_005,FAM5,39,7.22
2022-10,SKU5_005,FAM5,36,7.22
2022-11,SKU5_005,FAM5,47,7.22
2022-12,SKU5_005,FAM5,39,7.22
2023-01,SKU5_005,FAM5,41,7.22
2023-02,SKU5_005,FAM5,57,7.22
2023-03,SKU5_005,FAM5,47,7.22
2023-04,SKU5_005,FAM5,43,7.22
2023-05,SKU5_005,FAM5,39,7.22
2023-06,SKU5_005,FAM5,42,7.22
2023-07,SKU5_005,FAM5,40,7.22
2023-08,SKU5_005,FAM5,42,7.22
2023-09,SKU5_005,FAM5,46,7.22
2023-10,SKU5_005,FAM5,35,7.22
2023-11,SKU5_005,FAM5,41,7.22
2023-12,SKU5_005,FAM5,41,7.22
2024-01,SKU5_005,FAM5,39,7.22
2024-02,SKU5_005,FAM5,45,7.22
2024-03,SKU5_005,FAM5,50,7.22
2024-04,SKU5_005,FAM5,40,7.22
2024-05,SKU5_005,FAM5,47,7.22
2024-06,SKU5_005,FAM5,49,7.22
2024-07,SKU5_005,FAM5,45,7.22
2024-08,SKU5_005,FAM5,42,7.22
2024-09,SKU5_005,FAM5,44,7.22
2024-10,SKU5_005,FAM5,49,7.22
2024-11,SKU5_005,FAM5,47,7.22
2024-12,SKU5_005,FAM5,47,7.22
2022-01,SKU5_006,FAM5,33,6.4
2022-02,SKU5_006,FAM5,35,6.4
2022-03,SKU5_006,FAM5,43,6.4
2022-04,SKU5_006,FAM5,39,6.4
2022-05,SKU5_006,FAM5,39,6.4
2022-06,SKU5_006,FAM5,39,6.4
2022-07,SKU5_006,FAM5,46,6.4
2022-08,SKU5_006,FAM5,46,6.4
2022-09,SKU5_006,FAM5,48,6.4
2022-10,SKU5_006,FAM5,41,6.4
2022-11,SKU5_006,FAM5,43,6.4
2022-12,SKU5_006,FAM5,38,6.4
2023-01,SKU5_006,FAM5,47,6.4
2023-02,SKU5_006,FAM5,39,6.4
2023-03,SKU5_006,FAM5,43,6.4
2023-04,SKU5_006,FAM5,39,6.4
2023-05,SKU5_006,FAM5,41,6.4
2023-06,SKU5_006,FAM5,40,6.4
2023-07,SKU5_006,FAM5,41,6.4
2023-08,SKU5_006,FAM5,41,6.4
2023-09,SKU5_006,FAM5,41,6.4
2023-10,SKU5_006,FAM5,45,6.4
2023-11,SKU5_006,FAM5,46,6.4
2023-12,SKU5_006,FAM5,44,6.4
2024-01,SKU5_006,FAM5,47,6.4
2024-02,SKU5_006,FAM5,42,6.4
2024-03,SKU5_006,FAM5,41,6.4
2024-04,SKU5_006,FAM5,54,6.4
2024-05,SKU5_006,FAM5,48,6.4
2024-06,SKU5_006,FAM5,45,6.4
2024-07,SKU5_006,FAM5,44,6.4
2024-08,SKU5_006,FAM5,47,6.4
2024-09,SKU5_006,FAM5,43,6.4
2024-10,SKU5_006,FAM5,49,6.4
2024-11,SKU5_006,FAM5,48,6.4
2024-12,SKU5_006,FAM5,47,6.4
2022-01,SKU5_007,FAM5,37,7.57
2022-02,SKU5_007,FAM5,40,7.57
2022-03,SKU5_007,FAM5,39,7.57
2022-04,SKU5_007,FAM5,33,7.57
2022-05,SKU5_007,FAM5,42,7.57
2022-06,SKU5_007,FAM5,41,7.57
2022-07,SKU5_007,FAM5,42,7.57
2022-08,SKU5_007,FAM5,53,7.57
2022-09,SKU5_007,FAM5,35,7.57
2022-10,SKU5_007,FAM5,47,7.57
2022-11,SKU5_007,FAM5,41,7.57
2022-12,SKU5_007,FAM5,43,7.57
2023-01,SKU5_007,FAM5,42,7.57
2023-02,SKU5_007,FAM5,41,7.57
2023-03,SKU5_007,FAM5,41,7.57
2023-04,SKU5_007,FAM5,44,7.57
2023-05,SKU5_007,FAM5,38,7.57
2023-06,SKU5_007,FAM5,45,7.57
2023-07,SKU5_007,FAM5,42,7.57
2023-08,SKU5_007,FAM5,40,7.57
2023-09,SKU5_007,FAM5,42,7.57
2023-10,SKU5_007,FAM5,47,7.57
2023-11,SKU5_007,FAM5,41,7.57
2023-12,SKU5_007,FAM5,44,7.57
2024-01,SKU5_007,FAM5,46,7.57
2024-02,SKU5_007,FAM5,46,7.57
2024-03,SKU5_007,FAM5,46,7.57
2024-04,SKU5_007,FAM5,50,7.57
2024-05,SKU5_007,FAM5,44,7.57
2024-06,SKU5_007,FAM5,59,7.57
2024-07,SKU5_007,FAM5,46,7.57
2024-08,SKU5_007,FAM5,50,7.57
2024-09,SKU5_007,FAM5,44,7.57
2024-10,SKU5_007,FAM5,49,7.57
2024-11,SKU5_007,FAM5,47,7.57
2024-12,SKU5_007,FAM5,48,7.57
2022-01,SKU5_008,FAM5,0,7.32
2022-02,SKU5_008,FAM5,35,7.32
2022-03,SKU5_008,FAM5,36,7.32
2022-04,SKU5_008,FAM5,51,7.32
2022-05,SKU5_008,FAM5,40,7.32
2022-06,SKU5_008,FAM5,42,7.32
2022-07,SKU5_008,FAM5,48,7.32
2022-08,SKU5_008,FAM5,42,7.32
2022-09,SKU5_008,FAM5,48,7.32
2022-10,SKU5_008,FAM5,41,7.32
2022-11,SKU5_008,FAM5,45,7.32
2022-12,SKU5_008,FAM5,45,7.32
2023-01,SKU5_008,FAM5,45,7.32
2023-02,SKU5_008,FAM5,0,7.32
2023-03,SKU5_008,FAM5,45,7.32
2023-04,SKU5_008,FAM5,45,7.32
2023-05,SKU5_008,FAM5,0,7.32
2023-06,SKU5_008,FAM5,40,7.32
2023-07,SKU5_008,FAM5,38,7.32
2023-08,SKU5_008,FAM5,0,7.32
2023-09,SKU5_008,FAM5,42,7.32
2023-10,SKU5_008,FAM5,0,7.32
2023-11,SKU5_008,FAM5,0,7.32
2023-12,SKU5_008,FAM5,46,7.32
2024-01,SKU5_008,FAM5,42,7.32
2024-02,SKU5_008,FAM5,0,7.32
2024-03,SKU5_008,FAM5,42,7.32
2024-04,SKU5_008,FAM5,39,7.32
2024-05,SKU5_008,FAM5,0,7.32
2024-06,SKU5_008,FAM5,0,7.32
2024-07,SKU5_008,FAM5,45,7.32
2024-08,SKU5_008,FAM5,40,7.32
2024-09,SKU5_008,FAM5,49,7.32
2024-10,SKU5_008,FAM5,42,7.32
2024-11,SKU5_008,FAM5,44,7.32
2024-12,SKU5_008,FAM5,47,7.32
2022-01,SKU5_009,FAM5,36,7.57
2022-02,SKU5_009,FAM5,42,7.57
2022-03,SKU5_009,FAM5,38,7.57
2022-04,SKU5_009,FAM5,41,7.57
2022-05,SKU5_009,FAM5,46,7.57
2022-06,SKU5_009,FAM5,37,7.57
2022-07,SKU5_009,FAM5,41,7.57
2022-08,SKU5_009,FAM5,43,7.57
2022-09,SKU5_009,FAM5,44,7.57
2022-10,SKU5_009,FAM5,39,7.57
2022-11,SKU5_009,FAM5,38,7.57
2022-12,SKU5_009,FAM5,46,7.57
2023-01,SKU5_009,FAM5,41,7.57
2023-02,SKU5_009,FAM5,41,7.57
2023-03,SKU5_009,FAM5,48,7.57
2023-04,SKU5_009,FAM5,43,7.57
2023-05,SKU5_009,FAM5,43,7.57
2023-06,SKU5_009,FAM5,43,7.57
2023-07,SKU5_009,FAM5,40,7.57
2023-08,SKU5_009,FAM5,45,7.57
2023-09,SKU5_009,FAM5,45,7.57
2023-10,SKU5_009,FAM5,44,7.57
2023-11,SKU5_009,FAM5,43,7.57
2023-12,SKU5_009,FAM5,43,7.57
2024-01,SKU5_009,FAM5,58,7.57
2024-02,SKU5_009,FAM5,44,7.57
2024-03,SKU5_009,FAM5,44,7.57
2024-04,SKU5_009,FAM5,46,7.57
2024-05,SKU5_009,FAM5,45,7.57
2024-06,SKU5_009,FAM5,50,7.57
2024-07,SKU5_009,FAM5,40,7.57
2024-08,SKU5_009,FAM5,47,7.57
2024-09,SKU5_009,FAM5,45,7.57
2024-10,SKU5_009,FAM5,44,7.57
2024-11,SKU5_009,FAM5,52,7.57
2024-12,SKU5_009,FAM5,48,7.57
2022-01,SKU5_010,FAM5,42,7.09
2022-02,SKU5_010,FAM5,39,7.09
2022-03,SKU5_010,FAM5,34,7.09
2022-04,SKU5_010,FAM5,37,7.09
2022-05,SKU5_010,FAM5,40,7.09
2022-06,SKU5_010,FAM5,42,7.09
2022-07,SKU5_010,FAM5,41,7.09
2022-08,SKU5_010,FAM5,46,7.09
2022-09,SKU5_010,FAM5,47,7.09
2022-10,SKU5_010,FAM5,43,7.09
2022-11,SKU5_010,FAM5,37,7.09
2022-12,SKU5_010,FAM5,45,7.09
2023-01,SKU5_010,FAM5,43,7.09
2023-02,SKU5_010,FAM5,45,7.09
2023-03,SKU5_010,FAM5,41,7.09
2023-04,SKU5_010,FAM5,47,7.09
2023-05,SKU5_010,FAM5,47,7.09
2023-06,SKU5_010,FAM5,45,7.09
2023-07,SKU5_010,FAM5,43,7.09
2023-08,SKU5_010,FAM5,45,7.09
2023-09,SKU5_010,FAM5,41,7.09
2023-10,SKU5_010,FAM5,46,7.09
2023-11,SKU5_010,FAM5,49,7.09
2023-12,SKU5_010,FAM5,47,7.09
2024-01,SKU5_010,FAM5,42,7.09
2024-02,SKU5_010,FAM5,45,7.09
2024-03,SKU5_010,FAM5,41,7.09
2024-04,SKU5_010,FAM5,56,7.09
2024-05,SKU5_010,FAM5,46,7.09
2024-06,SKU5_010,FAM5,40,7.09
2024-07,SKU5_010,FAM5,42,7.09
2024-08,SKU5_010,FAM5,46,7.09
2024-09,SKU5_010,FAM5,46,7.09
2024-10,SKU5_010,FAM5,44,7.09
2024-11,SKU5_010,FAM5,49,7.09
2024-12,SKU5_010,FAM5,49,7.09
